City_ID,City,Country,Date,Lat,Lng,Max Temp,Humidity,Cloudiness,Wind Speed,Current Description
0,Coquimbo,CL,2022-02-05 06:09:06,-29.9533,-71.3436,66.15,80,0,3.78,clear sky
1,Pevek,RU,2022-02-05 06:00:38,69.7008,170.3133,-26.95,99,83,5.97,broken clouds
2,Arraial Do Cabo,BR,2022-02-05 06:03:27,-22.9661,-42.0278,75.6,89,98,21.83,overcast clouds
3,Mataura,NZ,2022-02-05 06:05:13,-46.1927,168.8643,59.49,49,15,6.85,few clouds
4,Carnarvon,AU,2022-02-05 06:03:39,-24.8667,113.6333,95.67,42,51,9.8,broken clouds
5,Albany,US,2022-02-05 06:01:06,42.6001,-73.9662,14.95,84,99,3.6,overcast clouds
6,Wamba,NG,2022-02-05 06:09:10,8.9333,8.6,66.13,19,0,3.18,clear sky
7,San Juan,AR,2022-02-05 06:07:26,-31.5375,-68.5364,71.49,47,3,21.61,clear sky
8,Avarua,CK,2022-02-05 06:07:52,-21.2078,-159.775,78.85,83,20,9.22,few clouds
9,Busselton,AU,2022-02-05 06:03:50,-33.65,115.3333,108.05,37,8,9.35,clear sky
10,Olafsvik,IS,2022-02-05 06:09:12,64.8945,-23.7142,28.22,62,100,27.18,light snow
11,Torbay,CA,2022-02-05 06:01:44,47.6666,-52.7314,33.76,97,100,4.61,freezing rain
12,Kapaa,US,2022-02-05 06:03:24,22.0752,-159.319,73.72,74,100,4.61,overcast clouds
13,Qaanaaq,GL,2022-02-05 06:05:50,77.484,-69.3632,0.84,73,100,6.04,overcast clouds
14,Hobart,AU,2022-02-05 06:06:17,-42.8794,147.3294,71.22,56,20,14.97,few clouds
15,Yulara,AU,2022-02-05 06:05:37,-25.2406,130.9889,86.22,16,0,10.4,clear sky
16,Okmulgee,US,2022-02-05 06:09:15,35.6234,-95.9605,19.85,95,5,3.62,clear sky
17,Yellowknife,CA,2022-02-05 06:01:27,62.456,-114.3525,-25.71,83,99,4.0,overcast clouds
18,Korla,CN,2022-02-05 06:09:16,41.7597,86.1469,29.64,35,100,7.87,overcast clouds
19,Bredasdorp,ZA,2022-02-05 06:03:42,-34.5322,20.0403,69.28,67,24,21.21,few clouds
20,Cape Town,ZA,2022-02-05 06:03:46,-33.9258,18.4232,68.11,67,0,3.0,clear sky
21,Ponta Do Sol,PT,2022-02-05 06:09:21,32.6667,-17.1,61.43,67,74,5.28,broken clouds
22,Alofi,NU,2022-02-05 06:09:22,-19.0595,-169.9187,79.81,82,100,22.57,light rain
23,Haileybury,CA,2022-02-05 06:09:23,47.449,-79.6373,-19.48,100,65,3.0,broken clouds
24,Cidreira,BR,2022-02-05 06:09:24,-30.1811,-50.2056,72.32,93,6,3.76,clear sky
25,Jamestown,US,2022-02-05 06:04:37,42.097,-79.2353,18.72,85,100,8.05,overcast clouds
26,Killam,CA,2022-02-05 06:09:25,52.7834,-111.8518,23.09,89,100,7.11,overcast clouds
27,Punta Arenas,CL,2022-02-05 06:03:09,-53.15,-70.9167,44.71,70,0,2.3,clear sky
28,Kidal,ML,2022-02-05 06:09:43,18.4411,1.4078,54.63,24,0,13.49,clear sky
29,Paamiut,GL,2022-02-05 06:09:44,61.994,-49.6678,4.59,86,100,8.12,light snow
30,Upernavik,GL,2022-02-05 06:05:46,72.7868,-56.1549,-0.89,94,100,6.82,overcast clouds
31,Tasiilaq,GL,2022-02-05 06:09:45,65.6145,-37.6368,24.96,68,100,41.23,overcast clouds
32,Samarai,PG,2022-02-05 06:09:46,-10.6167,150.6667,84.85,74,87,10.29,overcast clouds
33,Hithadhoo,MV,2022-02-05 06:03:33,-0.6,73.0833,82.47,74,95,15.5,overcast clouds
34,Les Cayes,HT,2022-02-05 06:05:59,18.2,-73.75,73.74,77,8,5.12,clear sky
35,Boa Vista,BR,2022-02-05 06:09:47,2.8197,-60.6733,80.58,61,0,11.5,clear sky
36,Mar Del Plata,AR,2022-02-05 06:06:27,-38.0023,-57.5575,64.09,88,100,1.01,moderate rain
37,Saint Augustine,US,2022-02-05 06:09:49,29.8947,-81.3145,66.29,87,100,3.44,overcast clouds
38,Tokomaru,NZ,2022-02-05 06:09:50,-40.4667,175.5,61.38,86,100,14.0,light rain
39,Kaeo,NZ,2022-02-05 06:09:50,-35.1,173.7833,73.33,96,89,8.75,overcast clouds
40,Pyu,MM,2022-02-05 06:09:51,18.4833,96.4333,92.61,30,81,7.63,broken clouds
41,Butaritari,KI,2022-02-05 06:06:17,3.0707,172.7902,82.98,79,76,18.63,broken clouds
42,Hilo,US,2022-02-05 06:05:46,19.7297,-155.09,72.81,90,20,0.0,few clouds
43,Kodiak,US,2022-02-05 06:09:52,57.79,-152.4072,42.31,70,100,11.5,overcast clouds
44,Castro,BR,2022-02-05 06:03:37,-24.7911,-50.0119,65.32,98,93,5.1,overcast clouds
45,Popondetta,PG,2022-02-05 06:09:53,-8.7537,148.2534,86.34,69,87,4.41,overcast clouds
46,Tiksi,RU,2022-02-05 06:09:54,71.6872,128.8694,-20.7,98,92,7.11,overcast clouds
47,East London,ZA,2022-02-05 06:03:40,-33.0153,27.9116,67.14,94,100,1.14,light intensity drizzle
48,Cherskiy,RU,2022-02-05 06:10:55,68.75,161.3,-31.97,97,7,4.0,clear sky
49,Westport,US,2022-02-05 06:09:47,41.1415,-73.3579,28.74,85,100,1.01,overcast clouds
50,Batemans Bay,AU,2022-02-05 06:10:56,-35.7167,150.1833,70.11,64,65,11.86,broken clouds
51,Atuona,PF,2022-02-05 06:03:30,-9.8,-139.0333,78.58,77,18,18.16,few clouds
52,Port Alfred,ZA,2022-02-05 06:05:49,-33.5906,26.891,69.62,84,95,10.56,light rain
53,Dunedin,NZ,2022-02-05 06:06:35,-45.8742,170.5036,56.8,59,56,1.99,broken clouds
54,Thompson,CA,2022-02-05 05:59:47,55.7435,-97.8558,-25.44,75,0,2.3,clear sky
55,Rocha,UY,2022-02-05 06:08:55,-34.4833,-54.3333,65.17,97,68,3.09,broken clouds
56,Kachiry,KZ,2022-02-05 06:11:00,53.0675,76.1036,12.69,80,32,8.81,scattered clouds
57,Lubao,PH,2022-02-05 06:11:01,14.9167,120.55,85.14,48,64,19.04,broken clouds
58,Bathsheba,BB,2022-02-05 06:11:01,13.2167,-59.5167,72.21,73,20,8.05,few clouds
59,Rawson,AR,2022-02-05 06:11:02,-43.3002,-65.1023,57.51,59,72,15.37,broken clouds
60,Nanortalik,GL,2022-02-05 06:03:25,60.1432,-45.2371,12.76,61,76,39.12,broken clouds
61,Lata,PT,2022-02-05 06:11:03,40.1629,-8.3327,41.92,96,73,3.36,broken clouds
62,Channel-Port Aux Basques,CA,2022-02-05 06:05:54,47.5702,-59.1367,23.25,89,100,11.01,snow
63,Ushuaia,AR,2022-02-05 06:03:21,-54.8,-68.3,44.26,87,0,5.75,clear sky
64,Mountain Home,US,2022-02-05 06:07:17,43.133,-115.6912,27.21,81,99,7.11,overcast clouds
65,Rikitea,PF,2022-02-05 06:03:26,-23.1203,-134.9692,78.58,72,10,6.35,clear sky
66,Atbasar,KZ,2022-02-05 06:06:45,51.8,68.3333,12.16,78,100,8.63,overcast clouds
67,Nikolskoye,RU,2022-02-05 06:06:49,59.7035,30.7861,20.71,88,99,13.73,overcast clouds
68,Puerto Ayora,EC,2022-02-05 06:11:46,-0.7393,-90.3518,74.55,93,47,3.0,scattered clouds
69,Viedma,AR,2022-02-05 06:11:47,-40.8135,-62.9967,60.53,70,100,18.84,overcast clouds
70,Zyryanka,RU,2022-02-05 06:11:48,65.75,150.85,-34.96,100,97,1.3,overcast clouds
71,Bluff,NZ,2022-02-05 06:11:49,-46.6,168.3333,59.81,58,58,6.24,broken clouds
72,Fort Myers Beach,US,2022-02-05 06:11:50,26.452,-81.9481,69.03,92,20,0.0,few clouds
73,Faanui,PF,2022-02-05 06:11:50,-16.4833,-151.75,80.6,74,62,13.91,light rain
74,Grand Gaube,MU,2022-02-05 06:10:24,-20.0064,57.6608,82.38,80,97,14.0,overcast clouds
75,Chongwe,ZM,2022-02-05 06:11:51,-15.3292,28.682,64.87,97,100,2.33,overcast clouds
76,Kiama,AU,2022-02-05 06:11:52,-34.6833,150.8667,71.46,67,83,3.0,broken clouds
77,Weligama,LK,2022-02-05 06:09:17,5.9667,80.4167,85.77,58,53,4.29,broken clouds
78,Geraldton,AU,2022-02-05 06:05:56,-28.7667,114.6,108.01,10,0,14.97,clear sky
79,Nome,US,2022-02-05 06:07:40,64.5011,-165.4064,-1.89,65,0,0.0,clear sky
80,Chuy,UY,2022-02-05 06:11:54,-33.6971,-53.4616,68.14,94,49,3.83,scattered clouds
81,Lagoa,PT,2022-02-05 06:11:55,39.05,-27.9833,58.41,76,74,20.36,broken clouds
82,New Norfolk,AU,2022-02-05 06:03:23,-42.7826,147.0587,70.88,46,98,1.99,overcast clouds
83,Juneau,US,2022-02-05 06:11:56,58.3019,-134.4197,39.85,97,100,9.31,light snow
84,Waounde,SN,2022-02-05 06:11:57,15.2637,-12.8682,71.11,11,0,8.41,clear sky
85,Fortuna,US,2022-02-05 06:11:57,40.5982,-124.1573,43.93,94,40,0.0,scattered clouds
86,Bafra,TR,2022-02-05 06:11:58,41.5678,35.9069,37.18,60,60,6.96,broken clouds
87,Haines Junction,CA,2022-02-05 06:11:58,60.7522,-137.5108,-13.05,77,100,1.14,overcast clouds
88,Hermanus,ZA,2022-02-05 06:03:31,-34.4187,19.2345,69.8,70,0,19.73,clear sky
89,Carutapera,BR,2022-02-05 06:11:59,-1.195,-46.02,74.95,93,100,4.41,overcast clouds
90,Teofilo Otoni,BR,2022-02-05 06:12:00,-17.8575,-41.5053,70.39,99,100,2.37,overcast clouds
91,Tocopilla,CL,2022-02-05 06:12:00,-22.092,-70.1979,68.47,71,0,4.32,clear sky
92,Dikson,RU,2022-02-05 06:06:14,73.5069,80.5464,-5.57,91,100,7.0,overcast clouds
93,Am Timan,TD,2022-02-05 06:12:01,11.0297,20.2827,66.94,20,13,7.54,few clouds
94,Padang,ID,2022-02-05 06:13:02,-0.9492,100.3543,82.45,82,70,3.67,broken clouds
95,Bud,US,2022-02-05 06:13:03,39.447,-86.1758,20.86,75,91,11.1,overcast clouds
96,Mariental,NA,2022-02-05 06:13:03,-24.6333,17.9667,77.11,33,19,12.88,few clouds
97,Vestmannaeyjar,IS,2022-02-05 06:13:04,63.4427,-20.2734,33.04,79,100,15.61,snow
98,Havelock,US,2022-02-05 06:13:06,34.8791,-76.9013,62.83,94,100,5.99,light rain
99,Mayo,US,2022-02-05 06:13:06,38.8876,-76.5119,34.66,77,100,8.01,overcast clouds
100,Sao Filipe,CV,2022-02-05 06:13:07,14.8961,-24.4956,72.63,71,1,10.36,clear sky
101,Porto Santo,PT,2022-02-05 06:13:08,33.072,-16.3415,62.98,88,40,10.36,scattered clouds
102,Ilulissat,GL,2022-02-05 06:13:08,69.2167,-51.1,8.62,72,20,10.36,few clouds
103,Sistranda,NO,2022-02-05 06:13:09,63.7256,8.834,36.9,83,100,45.61,light snow
104,Ribeira Grande,PT,2022-02-05 06:03:42,38.5167,-28.7,59.29,75,25,4.72,scattered clouds
105,Hede,CN,2022-02-05 06:13:10,33.7681,120.2517,38.77,25,4,14.74,clear sky
106,Georgetown,MY,2022-02-05 06:01:05,5.4112,100.3354,91.33,49,20,3.44,few clouds
107,Pangnirtung,CA,2022-02-05 06:09:43,66.1451,-65.7125,-25.98,99,100,0.56,overcast clouds
108,Itarema,BR,2022-02-05 06:13:12,-2.9248,-39.9167,77.09,86,35,9.64,light rain
109,Bilibino,RU,2022-02-05 06:13:13,68.0546,166.4372,-8.54,90,1,5.39,clear sky
110,Excelsior Springs,US,2022-02-05 06:13:13,39.3392,-94.2261,22.87,57,0,0.0,clear sky
111,Swellendam,ZA,2022-02-05 06:13:14,-34.0226,20.4417,68.38,62,0,8.25,clear sky
112,Saldanha,ZA,2022-02-05 06:13:14,-33.0117,17.9442,65.52,64,2,7.05,clear sky
113,Salalah,OM,2022-02-05 06:11:21,17.0151,54.0924,74.61,65,1,3.15,clear sky
114,Sorland,NO,2022-02-05 06:13:15,67.667,12.6934,33.51,79,97,29.21,snow
115,Alice Springs,AU,2022-02-05 06:08:22,-23.7,133.8833,81.95,26,0,10.36,clear sky
116,Kloulklubed,PW,2022-02-05 06:13:17,7.0419,134.2556,84.7,80,9,18.1,clear sky
117,Edd,ER,2022-02-05 06:13:18,13.9297,41.6925,79.14,69,4,11.36,clear sky
118,Luganville,VU,2022-02-05 06:13:19,-15.5333,167.1667,80.28,85,100,6.87,overcast clouds
119,Victoria,HK,2022-02-05 06:10:52,22.2855,114.1577,65.03,69,77,1.01,broken clouds
120,Jogindarnagar,IN,2022-02-05 06:13:20,31.9833,76.7667,52.5,50,0,4.68,clear sky
121,Dafeng,CN,2022-02-05 06:13:20,23.4517,108.5881,58.06,51,0,5.5,clear sky
122,Maceio,BR,2022-02-05 06:10:03,-9.6658,-35.7353,74.64,83,20,3.44,few clouds
123,Gorontalo,ID,2022-02-05 06:13:21,0.5412,123.0595,84.65,74,96,0.69,overcast clouds
124,Khatanga,RU,2022-02-05 06:13:22,71.9667,102.5,-35.64,100,77,2.42,broken clouds
125,Airai,TL,2022-02-05 06:13:23,-8.9266,125.4092,68.72,82,92,3.27,overcast clouds
126,Porto Novo,BJ,2022-02-05 06:13:24,6.4965,2.6036,78.62,90,5,3.29,clear sky
127,Zhigansk,RU,2022-02-05 06:12:11,66.7697,123.3711,-25.53,98,100,4.72,overcast clouds
128,Tutoia,BR,2022-02-05 06:13:25,-2.7619,-42.2744,76.96,88,100,8.21,light rain
129,Yumen,CN,2022-02-05 06:13:25,40.2833,97.2,21.33,27,100,18.86,overcast clouds
130,Pitimbu,BR,2022-02-05 06:13:26,-7.4706,-34.8086,77.59,73,3,8.72,clear sky
131,Vaini,TO,2022-02-05 06:05:09,-21.2,-175.2,77.16,94,100,9.22,light rain
132,Preobrazheniye,RU,2022-02-05 06:13:27,42.9019,133.9064,15.93,40,2,8.25,clear sky
133,Katsuura,JP,2022-02-05 06:03:46,35.1333,140.3,48.11,37,82,1.7,broken clouds
134,Saurimo,AO,2022-02-05 06:13:28,-9.6608,20.3916,63.59,93,96,3.22,overcast clouds
135,Nemuro,JP,2022-02-05 06:13:31,43.3236,145.575,25.23,61,48,17.45,scattered clouds
136,Lavrentiya,RU,2022-02-05 06:09:02,65.5833,-171.0,-9.9,87,2,8.41,clear sky
137,Deputatskiy,RU,2022-02-05 06:13:33,69.3,139.9,-28.95,99,30,2.84,scattered clouds
138,Lompoc,US,2022-02-05 06:12:50,34.6391,-120.4579,50.52,82,0,3.44,clear sky
139,Khani,GE,2022-02-05 06:14:35,41.9563,42.9566,26.17,95,97,4.5,light snow
140,Provideniya,RU,2022-02-05 06:12:17,64.3833,-173.3,0.48,70,1,10.98,clear sky
141,Vilyuysk,RU,2022-02-05 06:14:36,63.7553,121.6247,-13.81,95,90,3.02,overcast clouds
142,Roma,US,2022-02-05 06:13:10,43.2128,-75.4557,11.03,85,100,6.91,overcast clouds
143,Gladstone,AU,2022-02-05 06:14:37,-23.85,151.25,84.13,48,40,19.57,scattered clouds
144,Sur,OM,2022-02-05 06:14:42,22.5667,59.5289,77.43,30,9,5.97,clear sky
145,Saint-Philippe,RE,2022-02-05 06:14:43,-21.3585,55.7679,87.39,89,100,24.76,moderate rain
146,Riyadh,SA,2022-02-05 06:10:03,24.6877,46.7219,60.85,31,16,16.11,few clouds
147,Ratnagiri,IN,2022-02-05 06:14:44,16.9833,73.3,78.71,50,10,5.44,clear sky
148,Bethel,US,2022-02-05 06:11:37,41.3712,-73.414,26.96,83,75,6.91,broken clouds
149,Daru,PG,2022-02-05 06:10:07,-9.0763,143.2092,87.67,66,100,14.09,overcast clouds
150,Marsa Matruh,EG,2022-02-05 06:14:46,31.3525,27.2453,54.27,68,32,16.24,scattered clouds
151,Kolokani,ML,2022-02-05 06:14:49,13.5728,-8.0339,62.92,16,0,9.08,clear sky
152,Novobirilyussy,RU,2022-02-05 06:11:07,56.9514,90.6661,22.96,78,100,12.73,overcast clouds
153,Wanaka,NZ,2022-02-05 06:13:15,-44.7,169.15,57.54,70,96,3.96,overcast clouds
154,Gigmoto,PH,2022-02-05 06:14:54,13.7796,124.39,79.27,77,96,17.74,light rain
155,Kaniama,CD,2022-02-05 06:14:54,-7.5667,24.1833,66.0,91,100,1.9,overcast clouds
156,San Patricio,US,2022-02-05 06:14:55,28.017,-97.5169,39.06,77,5,9.71,clear sky
157,Abalak,RU,2022-02-05 06:12:11,58.1286,68.5944,21.99,91,100,5.84,overcast clouds
158,La Ronge,CA,2022-02-05 06:14:57,55.1001,-105.2842,-7.35,71,100,8.05,overcast clouds
159,Lazaro Cardenas,MX,2022-02-05 06:14:58,17.9583,-102.2,70.05,86,3,4.34,clear sky
160,Hovd,MN,2022-02-05 06:14:59,48.0056,91.6419,-1.7,79,4,3.8,clear sky
161,Barrow,US,2022-02-05 06:06:10,71.2906,-156.7887,-9.38,70,100,6.91,overcast clouds
162,Los Llanos De Aridane,ES,2022-02-05 06:14:59,28.6585,-17.9182,58.12,70,0,7.0,clear sky
163,Sangar,RU,2022-02-05 06:15:00,63.9242,127.4739,-26.0,96,99,1.01,overcast clouds
164,Severo-Kurilsk,RU,2022-02-05 06:15:01,50.6789,156.125,29.71,92,95,9.4,light snow
165,Saint George,US,2022-02-05 06:14:10,37.1041,-113.5841,40.35,36,0,5.99,clear sky
166,Ca Mau,VN,2022-02-05 06:15:02,9.1769,105.15,93.31,38,51,19.17,broken clouds
167,Guerrero Negro,MX,2022-02-05 06:15:03,27.9769,-114.0611,58.28,36,0,1.88,clear sky
168,Phan Thiet,VN,2022-02-05 06:12:22,10.9333,108.1,89.15,47,97,23.42,overcast clouds
169,Codrington,AU,2022-02-05 06:15:04,-38.2667,141.9667,70.16,58,99,20.78,overcast clouds
170,Tonj,SS,2022-02-05 06:15:05,7.2737,28.6822,75.38,18,63,9.01,broken clouds
171,Pervomayskiy,RU,2022-02-05 06:15:06,53.2485,40.2871,7.03,93,17,10.31,few clouds
172,Camacha,PT,2022-02-05 06:15:07,33.0833,-16.3333,60.22,88,40,10.36,scattered clouds
173,Morehead,US,2022-02-05 06:15:07,37.2711,-87.1764,20.95,86,75,0.0,broken clouds
174,Souillac,MU,2022-02-05 06:15:08,-20.5167,57.5167,82.78,83,75,19.57,light rain
175,Uyuni,BO,2022-02-05 06:15:08,-20.4597,-66.825,44.85,38,8,12.44,clear sky
176,Beringovskiy,RU,2022-02-05 06:06:12,63.05,179.3167,-10.82,88,29,11.7,scattered clouds
177,Concarneau,FR,2022-02-05 06:15:10,47.875,-3.9225,45.37,82,36,5.91,scattered clouds
178,Guadalupe Y Calvo,MX,2022-02-05 06:15:11,26.1,-106.9667,29.05,69,0,7.74,clear sky
179,Esperance,AU,2022-02-05 06:15:11,-33.8667,121.9,83.07,49,2,20.2,clear sky
180,Alihe,CN,2022-02-05 06:15:12,50.5667,123.7167,11.12,60,100,7.56,overcast clouds
181,Laguna,US,2022-02-05 06:16:13,38.421,-121.4238,52.77,76,0,0.0,clear sky
182,Myaundzha,RU,2022-02-05 06:16:14,63.0494,147.1858,-14.96,75,12,3.56,few clouds
183,Mandsaur,IN,2022-02-05 06:16:15,24.0667,75.0667,70.92,20,0,2.8,clear sky
184,Maniwaki,CA,2022-02-05 06:16:16,46.3834,-75.966,-0.02,78,100,6.91,overcast clouds
185,Pisco,PE,2022-02-05 06:16:17,-13.7,-76.2167,66.02,88,0,0.0,clear sky
186,Santa Maria,BR,2022-02-05 06:16:17,-29.6842,-53.8069,72.55,91,77,2.1,broken clouds
187,Bowling Green,US,2022-02-05 06:13:34,36.9903,-86.4436,23.58,86,0,3.44,clear sky
188,Turukhansk,RU,2022-02-05 06:16:18,65.8167,87.9833,12.43,95,100,11.9,light snow
189,Barcelos,PT,2022-02-05 06:16:19,41.5388,-8.6151,49.28,86,94,4.88,overcast clouds
190,Aklavik,CA,2022-02-05 06:16:20,68.2191,-135.0107,-22.97,90,6,18.05,clear sky
191,Luderitz,NA,2022-02-05 06:16:21,-26.6481,15.1594,67.08,76,94,3.13,overcast clouds
192,Port Macquarie,AU,2022-02-05 06:16:22,-31.4333,152.9167,71.89,61,70,18.77,broken clouds
193,Syracuse,IT,2022-02-05 06:16:23,37.0881,15.2792,53.31,70,6,4.97,clear sky
194,Kangasala,FI,2022-02-05 06:16:23,61.4638,24.076,30.47,97,100,12.28,light snow
195,Muyezerskiy,RU,2022-02-05 06:16:24,63.9333,31.65,17.96,81,100,17.2,overcast clouds
196,Beyneu,KZ,2022-02-05 06:16:25,45.3167,55.2,38.59,87,90,9.95,overcast clouds
197,Kruisfontein,ZA,2022-02-05 06:16:26,-34.0033,24.7314,66.88,72,48,9.93,scattered clouds
198,Kavaratti,IN,2022-02-05 06:16:26,10.5669,72.642,78.04,59,62,5.28,broken clouds
199,Diego De Almagro,CL,2022-02-05 06:16:27,-26.3667,-70.05,61.66,45,0,0.92,clear sky
200,Axim,GH,2022-02-05 06:16:28,4.8699,-2.2405,77.47,86,1,0.87,clear sky
201,Kaitangata,NZ,2022-02-05 06:16:29,-46.2817,169.8464,55.18,61,8,7.09,clear sky
202,Tazovskiy,RU,2022-02-05 06:11:53,67.4667,78.7,6.21,95,100,8.05,overcast clouds
203,Puerto Escondido,MX,2022-02-05 06:16:30,15.85,-97.0667,75.54,67,0,5.5,clear sky
204,Brodina,RO,2022-02-05 06:16:30,47.8833,25.4167,26.1,87,87,5.44,overcast clouds
205,Cabo San Lucas,MX,2022-02-05 06:15:21,22.8909,-109.9124,62.94,70,0,1.68,clear sky
206,Bahir Dar,ET,2022-02-05 06:16:32,11.5936,37.3908,68.99,47,23,5.39,few clouds
207,Dandong,CN,2022-02-05 06:16:34,40.1292,124.3947,22.44,38,3,15.66,clear sky
208,Lasa,IT,2022-02-05 06:16:37,46.6166,10.7002,38.66,92,43,7.87,scattered clouds
209,Marzuq,YE,2022-02-05 06:16:38,14.4,46.4667,75.25,19,9,2.48,clear sky
210,Mirador,BR,2022-02-05 06:16:39,-6.3708,-44.3631,73.04,95,99,2.37,overcast clouds
211,Umm Kaddadah,SD,2022-02-05 06:16:40,13.6017,26.6876,55.69,27,1,22.35,clear sky
212,Sokoni,TZ,2022-02-05 06:16:40,-6.4333,39.55,74.95,88,100,13.62,light rain
213,Orje,NO,2022-02-05 06:16:41,59.4802,11.6602,32.74,81,50,7.85,scattered clouds
214,Maloyaroslavets,RU,2022-02-05 06:16:41,55.0146,36.4719,10.49,100,100,1.63,overcast clouds
215,Mount Isa,AU,2022-02-05 06:16:42,-20.7333,139.5,91.17,19,6,10.36,clear sky
216,Mount Gambier,AU,2022-02-05 06:16:43,-37.8333,140.7667,73.15,49,37,14.36,scattered clouds
217,Santa Isabel Do Rio Negro,BR,2022-02-05 06:16:43,-0.4139,-65.0192,72.86,99,100,2.06,light rain
218,Vila Franca Do Campo,PT,2022-02-05 06:16:45,37.7167,-25.4333,57.2,83,98,8.19,overcast clouds
219,Ayan,RU,2022-02-05 06:16:45,56.45,138.1667,-0.4,68,65,13.8,broken clouds
220,Tuatapere,NZ,2022-02-05 06:16:46,-46.1333,167.6833,59.83,60,20,8.77,few clouds
221,Kangaatsiaq,GL,2022-02-05 06:16:47,68.3065,-53.4641,3.42,81,100,13.22,overcast clouds
222,Puro,PH,2022-02-05 06:16:47,12.4841,123.3827,80.24,75,89,19.1,overcast clouds
223,Viraganur,IN,2022-02-05 06:16:48,11.4833,78.7333,83.95,55,75,6.62,broken clouds
224,Kahului,US,2022-02-05 06:16:49,20.8947,-156.47,75.85,87,75,10.36,broken clouds
225,Bambous Virieux,MU,2022-02-05 06:16:49,-20.3428,57.7575,82.65,83,75,19.57,light rain
226,Roverud,NO,2022-02-05 06:16:50,60.2521,12.055,29.68,87,68,4.72,broken clouds
227,Harper,LR,2022-02-05 06:16:51,4.375,-7.7169,77.2,87,88,2.82,light rain
228,Thanh Hoa,VN,2022-02-05 06:16:52,19.8,105.7667,63.39,65,100,5.14,overcast clouds
229,Leningradskiy,RU,2022-02-05 06:17:52,69.3833,178.4167,-19.3,94,49,7.23,scattered clouds
230,Lidkoping,SE,2022-02-05 06:17:53,58.5052,13.1577,36.12,3,10,15.84,clear sky
231,Koroni,GR,2022-02-05 06:17:54,36.8,21.95,48.07,73,33,8.37,scattered clouds
232,Caconda,AO,2022-02-05 06:17:55,-13.7333,15.0667,60.58,73,100,2.57,overcast clouds
233,Hasaki,JP,2022-02-05 06:17:56,35.7333,140.8333,50.29,26,28,10.85,scattered clouds
234,Inuvik,CA,2022-02-05 06:17:56,68.3499,-133.7218,-22.94,76,0,3.44,clear sky
235,Chanika,TZ,2022-02-05 06:17:57,-5.4167,38.0167,71.28,86,100,3.51,overcast clouds
236,Christchurch,NZ,2022-02-05 06:14:24,-43.5333,172.6333,56.03,90,75,2.3,moderate rain
237,Oriximina,BR,2022-02-05 06:17:58,-1.7656,-55.8661,72.95,93,88,2.62,overcast clouds
238,Hay River,CA,2022-02-05 06:17:58,60.8156,-115.7999,-9.42,70,100,5.75,light snow
239,Kribi,CM,2022-02-05 06:17:59,2.95,9.9167,76.39,89,89,4.79,light rain
240,Hereford,GB,2022-02-05 06:13:01,52.0568,-2.7148,42.03,86,46,1.99,scattered clouds
241,Port Lincoln,AU,2022-02-05 06:18:00,-34.7333,135.8667,75.11,48,6,10.6,clear sky
242,Chokurdakh,RU,2022-02-05 06:18:01,70.6333,147.9167,-31.7,100,32,1.68,scattered clouds
243,Jalu,LY,2022-02-05 06:18:01,29.0331,21.5482,48.56,77,0,4.65,clear sky
244,Hirara,JP,2022-02-05 06:18:02,24.8,125.2833,64.67,59,75,17.27,broken clouds
245,Palmer,US,2022-02-05 06:18:02,42.1584,-72.3287,27.03,82,100,1.01,overcast clouds
246,Omboue,GA,2022-02-05 06:18:03,-1.5746,9.2618,76.17,84,65,5.06,broken clouds
247,Honiara,SB,2022-02-05 06:15:15,-9.4333,159.95,85.1,72,85,7.56,light rain
248,Qaqortoq,GL,2022-02-05 06:18:04,60.7167,-46.0333,3.7,49,4,25.5,clear sky
249,Portland,US,2022-02-05 06:16:38,45.5234,-122.6762,49.6,91,75,5.99,broken clouds
250,Liverpool,GB,2022-02-05 06:13:59,53.4106,-2.9779,42.51,84,0,1.99,clear sky
251,At-Bashi,KG,2022-02-05 06:18:05,41.1702,75.8106,10.67,65,14,1.77,few clouds
252,Saskylakh,RU,2022-02-05 06:18:06,71.9167,114.0833,-9.51,98,100,5.17,overcast clouds
253,Clyde River,CA,2022-02-05 06:18:07,70.4692,-68.5914,-21.77,76,0,5.75,clear sky
254,Elizabeth City,US,2022-02-05 06:18:07,36.2946,-76.2511,42.01,95,100,3.0,mist
255,Bitung,ID,2022-02-05 06:18:08,1.4451,125.1824,86.85,73,96,12.5,overcast clouds
256,Nagorsk,RU,2022-02-05 06:18:09,59.3172,50.8078,14.34,91,100,8.86,overcast clouds
257,Port Hedland,AU,2022-02-05 06:18:09,-20.3167,118.5667,91.45,71,40,21.85,scattered clouds
258,Longyearbyen,SJ,2022-02-05 06:18:11,78.2186,15.6401,12.04,62,20,26.46,few clouds
259,Tam Ky,VN,2022-02-05 06:18:12,15.5667,108.4833,71.58,94,100,4.97,overcast clouds
260,Labytnangi,RU,2022-02-05 06:18:09,66.6572,66.4183,-6.72,95,64,3.4,broken clouds
261,Ostrovnoy,RU,2022-02-05 06:18:13,68.0531,39.5131,15.13,83,100,26.69,overcast clouds
262,Rzhev,RU,2022-02-05 06:18:15,56.2624,34.3282,4.14,100,96,4.7,overcast clouds
263,Zhicheng,CN,2022-02-05 06:18:18,30.2956,111.5047,50.13,44,52,6.8,broken clouds
264,Camana,PE,2022-02-05 06:18:18,-16.6228,-72.7111,70.2,84,75,7.11,broken clouds
265,Tuktoyaktuk,CA,2022-02-05 06:18:19,69.4541,-133.0374,-23.8,69,0,11.5,clear sky
266,Andenes,NO,2022-02-05 06:17:52,69.3143,16.1194,28.38,74,82,13.8,broken clouds
267,Mehamn,NO,2022-02-05 06:15:53,71.0357,27.8492,20.16,82,100,21.88,overcast clouds
268,Agutaya,PH,2022-02-05 06:18:21,11.148,120.9417,79.52,81,97,26.06,overcast clouds
269,Zhongxing,CN,2022-02-05 06:18:22,33.7039,118.6792,40.32,21,23,7.99,few clouds
270,Alyangula,AU,2022-02-05 06:18:26,-13.8483,136.4192,75.15,91,100,2.55,overcast clouds
271,Menongue,AO,2022-02-05 06:18:27,-14.6585,17.691,60.75,98,100,7.52,moderate rain
272,Tacuarembo,UY,2022-02-05 06:18:28,-31.7333,-55.9833,68.85,91,88,4.07,overcast clouds
273,Sao Jose Da Coroa Grande,BR,2022-02-05 06:18:29,-8.8978,-35.1478,78.06,74,16,7.36,few clouds
274,San Isidro,PE,2022-02-05 06:19:30,-12.1167,-77.05,68.5,62,0,10.36,clear sky
275,Lebu,CL,2022-02-05 06:19:31,-37.6167,-73.65,56.46,89,42,17.29,scattered clouds
276,Hami,CN,2022-02-05 06:18:40,42.8,93.45,31.37,22,100,4.65,overcast clouds
277,Batagay,RU,2022-02-05 06:19:32,67.6333,134.6333,-35.18,98,72,1.7,broken clouds
278,Cabatuan,PH,2022-02-05 06:19:33,10.8794,122.486,82.56,70,85,18.1,overcast clouds
279,Mogadishu,SO,2022-02-05 06:19:12,2.0371,45.3438,80.17,71,34,19.22,scattered clouds
280,Taoudenni,ML,2022-02-05 06:19:39,22.6783,-3.9836,60.67,16,63,9.57,broken clouds
281,Vardo,NO,2022-02-05 06:19:40,70.3705,31.1107,21.94,90,100,27.09,light snow
282,Dingle,PH,2022-02-05 06:19:41,10.9995,122.6711,82.29,72,91,17.83,overcast clouds
283,Gavrilov Posad,RU,2022-02-05 06:19:42,56.5597,40.1175,-1.07,100,93,5.23,light snow
284,Necochea,AR,2022-02-05 06:19:43,-38.5473,-58.7368,64.04,77,100,8.59,moderate rain
285,Arlit,NE,2022-02-05 06:19:44,18.7369,7.3853,53.89,25,0,5.19,clear sky
286,Manokwari,ID,2022-02-05 06:19:44,-0.8667,134.0833,84.31,68,55,10.04,broken clouds
287,Galveston,US,2022-02-05 06:17:53,29.3669,-94.9669,34.95,81,54,8.99,broken clouds
288,Cap Malheureux,MU,2022-02-05 06:19:46,-19.9842,57.6142,82.89,79,98,11.99,overcast clouds
289,Tambovka,RU,2022-02-05 06:19:47,50.0969,128.0489,8.71,81,97,7.52,overcast clouds
290,Komsomolskiy,UZ,2022-02-05 06:18:18,40.4272,71.7189,43.52,33,81,0.0,broken clouds
291,Baiyin,CN,2022-02-05 06:19:48,36.5583,104.2081,22.08,81,100,11.36,light snow
292,Muros,ES,2022-02-05 06:19:48,42.7762,-9.0603,50.23,80,47,14.52,scattered clouds
293,Coihaique,CL,2022-02-05 06:19:49,-45.5752,-72.0662,53.55,76,0,5.75,clear sky
294,Poum,NC,2022-02-05 06:19:49,-20.2333,164.0167,81.39,71,100,11.23,overcast clouds
295,Yuncheng,CN,2022-02-05 06:15:25,35.0231,110.9928,38.64,43,100,4.41,overcast clouds
296,Umea,SE,2022-02-05 06:19:50,63.8284,20.2597,31.93,100,100,6.91,overcast clouds
297,Ejura,GH,2022-02-05 06:19:51,7.3856,-1.3562,73.47,83,8,2.82,clear sky
298,Vostok,RU,2022-02-05 06:19:52,46.4856,135.8833,0.14,88,100,6.82,overcast clouds
299,Hambantota,LK,2022-02-05 06:19:53,6.1241,81.1185,84.24,60,55,6.73,broken clouds
300,Buchanan,LR,2022-02-05 06:19:54,5.8808,-10.0467,75.16,90,18,4.21,light rain
301,Nishihara,JP,2022-02-05 06:19:55,26.1842,127.7558,62.65,55,40,16.11,scattered clouds
302,Mezen,RU,2022-02-05 06:19:55,65.8522,44.24,-3.89,100,100,7.65,overcast clouds
303,Rabo De Peixe,PT,2022-02-05 06:19:56,37.8,-25.5833,57.27,89,20,6.91,few clouds
304,Oparino,RU,2022-02-05 06:19:57,59.8518,48.2783,0.28,99,100,6.29,overcast clouds
305,Roald,NO,2022-02-05 06:17:27,62.5833,6.1333,38.34,80,75,20.71,light rain
306,Bonthe,SL,2022-02-05 06:18:41,7.5264,-12.505,73.17,92,24,3.85,few clouds
307,Sinjar,IQ,2022-02-05 06:19:59,36.3209,41.8754,44.29,78,47,5.35,scattered clouds
308,Port Hardy,CA,2022-02-05 06:20:00,50.6996,-127.4199,45.75,93,100,3.44,overcast clouds
309,El Guayabito,HN,2022-02-05 06:20:01,14.8333,-86.0333,74.86,83,40,0.0,scattered clouds
310,Vanimo,PG,2022-02-05 06:20:01,-2.6741,141.3028,83.7,77,99,10.2,overcast clouds
311,Saint-Georges,GD,2022-02-05 06:20:02,12.0564,-61.7485,76.68,78,75,9.22,broken clouds
312,Mahibadhoo,MV,2022-02-05 06:20:03,3.7833,72.9667,82.22,69,15,10.22,few clouds
313,Cayenne,GF,2022-02-05 06:15:15,4.9333,-52.3333,80.1,86,75,4.0,broken clouds
314,Atar,MR,2022-02-05 06:20:04,20.5169,-13.0499,66.45,12,29,6.55,scattered clouds
315,Kavieng,PG,2022-02-05 06:20:05,-2.5744,150.7967,83.88,70,100,8.84,overcast clouds
316,Bengkulu,ID,2022-02-05 06:20:05,-3.8004,102.2655,79.7,78,99,4.81,overcast clouds
317,Dwarka,IN,2022-02-05 06:20:06,22.2394,68.9678,73.09,51,12,9.31,few clouds
318,Pimentel,PE,2022-02-05 06:20:06,-6.8367,-79.9342,69.73,87,83,9.91,broken clouds
319,Akdepe,TM,2022-02-05 06:20:07,42.0551,59.3788,42.89,48,100,4.81,overcast clouds
320,Saint Andrews,US,2022-02-05 06:21:08,34.0454,-81.1293,51.75,78,75,11.5,broken clouds
321,Anadyr,RU,2022-02-05 06:21:09,64.75,177.4833,3.7,60,0,2.24,clear sky
322,Ballina,AU,2022-02-05 06:21:09,-28.8667,153.5667,73.44,68,70,21.94,broken clouds
323,Bogorodskoye,RU,2022-02-05 06:21:10,56.55,37.8833,2.01,100,99,2.75,overcast clouds
324,Nanpiao,CN,2022-02-05 06:21:11,41.0982,120.7479,26.44,55,1,11.3,clear sky
325,Linden,GY,2022-02-05 06:21:12,6.0,-58.3,75.34,97,76,2.15,broken clouds
326,Kisangani,CD,2022-02-05 06:21:12,0.5167,25.2,75.45,76,100,3.33,overcast clouds
327,Redlands,US,2022-02-05 06:21:13,34.0556,-117.1825,57.65,31,0,4.61,clear sky
328,Wajima,JP,2022-02-05 06:21:13,37.4,136.9,32.68,69,75,6.91,light snow
329,Paraopeba,BR,2022-02-05 06:21:14,-19.2757,-44.4033,70.95,87,99,1.77,light rain
330,La Chorrera,PA,2022-02-05 06:21:15,8.8803,-79.7833,76.73,95,13,6.35,few clouds
331,Matara,LK,2022-02-05 06:21:15,5.9485,80.5353,86.43,57,58,5.41,broken clouds
332,Manavalakurichi,IN,2022-02-05 06:21:16,8.1333,77.3,86.09,61,65,7.27,broken clouds
333,Murray Bridge,AU,2022-02-05 06:21:17,-35.1167,139.2667,89.82,34,51,14.27,broken clouds
334,Dudinka,RU,2022-02-05 06:21:18,69.4058,86.1778,-0.42,96,99,5.37,overcast clouds
335,Caravelas,BR,2022-02-05 06:21:18,-17.7125,-39.2481,75.9,82,100,6.26,overcast clouds
336,Umm Lajj,SA,2022-02-05 06:21:19,25.0213,37.2685,62.74,45,47,8.52,scattered clouds
337,Flinders,AU,2022-02-05 06:21:19,-34.5833,150.8552,71.38,69,82,11.01,broken clouds
338,Naze,JP,2022-02-05 06:21:20,28.3667,129.4833,54.52,57,93,19.37,overcast clouds
339,Fort Nelson,CA,2022-02-05 06:21:20,58.8053,-122.7002,-9.81,70,100,3.44,light snow
340,Dalvik,IS,2022-02-05 06:21:21,65.9702,-18.5286,12.13,93,99,3.31,light snow
341,Norilsk,RU,2022-02-05 06:21:22,69.3535,88.2027,-1.39,95,98,3.42,overcast clouds
342,Kyra,RU,2022-02-05 06:21:25,49.5776,111.9753,17.94,62,40,9.86,scattered clouds
343,Soure,BR,2022-02-05 06:21:26,-0.7167,-48.5233,76.17,89,100,2.51,overcast clouds
344,Lorengau,PG,2022-02-05 06:21:26,-2.0226,147.2712,83.97,68,100,10.18,overcast clouds
345,Santa Rosa,PH,2022-02-05 06:21:27,14.3122,121.1114,87.78,61,30,19.37,scattered clouds
346,Shawinigan,CA,2022-02-05 06:17:16,46.5668,-72.7491,5.49,72,100,5.75,overcast clouds
347,Morgaushi,RU,2022-02-05 06:21:28,55.9643,46.7743,19.56,96,100,9.6,light snow
348,Pacific Grove,US,2022-02-05 06:20:15,36.6177,-121.9166,53.28,60,0,1.01,clear sky
349,Aykhal,RU,2022-02-05 06:21:29,66.0,111.5,-14.76,100,81,5.64,broken clouds
350,Trelew,AR,2022-02-05 06:21:29,-43.249,-65.3051,56.3,60,55,12.35,broken clouds
351,Yinchuan,CN,2022-02-05 06:21:30,38.4681,106.2731,24.94,25,100,7.49,overcast clouds
352,Karratha,AU,2022-02-05 06:21:31,-20.7377,116.8463,92.82,55,65,17.74,broken clouds
353,Mundo Nuevo,MX,2022-02-05 06:21:32,18.7,-95.5,62.29,85,100,33.2,overcast clouds
354,Nara,JP,2022-02-05 06:21:32,34.6851,135.8049,42.12,62,90,15.66,overcast clouds
355,Abilene,US,2022-02-05 06:20:17,32.4487,-99.7331,21.45,86,0,5.75,clear sky
356,Santa Maria Da Vitoria,BR,2022-02-05 06:21:33,-13.3947,-44.1886,71.92,80,100,0.85,overcast clouds
357,Cortez,US,2022-02-05 06:21:34,37.3489,-108.5859,24.69,67,0,4.61,clear sky
358,Kenora,CA,2022-02-05 06:21:35,49.8167,-94.4337,-10.23,84,40,4.61,scattered clouds
359,Maniitsoq,GL,2022-02-05 06:21:35,65.4167,-52.9,7.12,81,100,21.25,light snow
360,Erzin,TR,2022-02-05 06:21:36,36.9559,36.2,43.32,76,0,2.28,clear sky
361,Kirakira,SB,2022-02-05 06:21:37,-10.4544,161.9205,84.31,75,97,8.23,overcast clouds
362,Khonsa,IN,2022-02-05 06:21:37,27.0167,95.5667,53.82,94,100,1.3,overcast clouds
363,Atherton,GB,2022-02-05 06:21:38,53.5237,-2.4935,42.71,82,56,1.99,broken clouds
364,Maldonado,UY,2022-02-05 06:21:38,-34.6667,-54.9167,65.59,96,76,2.46,broken clouds
365,Humaita,BR,2022-02-05 06:21:39,-7.5061,-63.0208,72.43,98,100,2.57,overcast clouds
366,Maiduguri,NG,2022-02-05 06:20:48,11.8464,13.1603,59.07,47,48,7.72,scattered clouds
367,Alexandria,EG,2022-02-05 06:18:52,31.2156,29.9553,57.65,53,78,18.28,broken clouds
368,Bonfim,BR,2022-02-05 06:22:40,3.0833,-59.95,75.92,78,95,5.53,overcast clouds
369,Kathmandu,NP,2022-02-05 06:21:36,27.7167,85.3167,50.22,71,75,2.3,broken clouds
370,Gat,IL,2022-02-05 06:22:42,31.61,34.7642,52.48,100,80,10.69,broken clouds
371,Makat,KZ,2022-02-05 06:22:42,47.6469,53.3463,31.98,91,100,3.83,overcast clouds
372,Bereda,ES,2022-02-05 06:22:43,43.2686,-7.5406,46.42,100,89,5.5,overcast clouds
373,Kainantu,PG,2022-02-05 06:22:44,-6.2887,145.8655,72.09,79,78,2.75,moderate rain
374,Miguel Hidalgo,MX,2022-02-05 06:22:45,19.4225,-99.2028,58.59,46,40,3.0,scattered clouds
375,Sayyan,YE,2022-02-05 06:22:45,15.1718,44.3244,60.12,41,92,1.95,overcast clouds
376,Richards Bay,ZA,2022-02-05 06:22:46,-28.783,32.0377,71.37,90,100,12.17,light rain
377,Mahebourg,MU,2022-02-05 06:22:46,-20.4081,57.7,82.69,83,75,19.57,broken clouds
378,Nicoya,CR,2022-02-05 06:22:47,10.1483,-85.452,71.15,79,19,8.12,few clouds
379,Grindavik,IS,2022-02-05 06:22:48,63.8424,-22.4338,27.07,80,100,40.29,snow
380,Chapais,CA,2022-02-05 06:22:49,49.7834,-74.8492,-20.42,99,100,2.98,overcast clouds
381,Ganzhou,CN,2022-02-05 06:22:49,28.8184,115.4327,50.54,51,4,7.49,clear sky
382,Dalhousie,IN,2022-02-05 06:22:50,32.5333,75.9833,40.32,41,0,4.85,clear sky
383,Launceston,AU,2022-02-05 06:22:51,-41.45,147.1667,74.84,44,100,5.99,overcast clouds
384,Toora-Khem,RU,2022-02-05 06:21:17,52.4675,96.11,2.55,86,99,2.01,overcast clouds
385,Locri,IT,2022-02-05 06:22:52,38.2414,16.2623,58.24,55,99,10.69,overcast clouds
386,Zhaodong,CN,2022-02-05 06:22:52,46.0833,125.9833,8.62,77,100,7.67,overcast clouds
387,Klaksvik,FO,2022-02-05 06:22:53,62.2266,-6.589,34.72,58,96,9.08,overcast clouds
388,Mbuji-Mayi,CD,2022-02-05 06:22:58,-6.15,23.6,70.27,85,100,2.3,overcast clouds
389,Kuusamo,FI,2022-02-05 06:22:59,65.9667,29.1833,17.64,86,100,14.97,overcast clouds
390,Azare,NG,2022-02-05 06:23:00,11.6765,10.1948,54.64,31,2,8.16,clear sky
391,Kathu,TH,2022-02-05 06:23:01,7.9178,98.3332,94.62,65,51,13.96,broken clouds
392,Bloomfield,US,2022-02-05 06:23:02,40.8068,-74.1854,29.01,84,100,5.99,overcast clouds
393,Tilichiki,RU,2022-02-05 06:23:02,60.4667,166.1,-1.26,84,100,7.58,overcast clouds
394,Vao,NC,2022-02-05 06:23:03,-22.6667,167.4833,80.4,85,100,8.08,overcast clouds
395,San Cristobal,VE,2022-02-05 06:23:04,7.7669,-72.225,64.11,92,44,2.95,scattered clouds
396,Sorkjosen,NO,2022-02-05 06:23:04,69.8,20.9333,20.98,80,44,16.67,scattered clouds
397,Valparaiso,CL,2022-02-05 06:22:16,-33.0393,-71.6273,66.47,73,0,5.75,clear sky
398,Winnemucca,US,2022-02-05 06:23:05,40.973,-117.7357,33.85,51,0,3.44,clear sky
399,Springdale,US,2022-02-05 06:23:06,36.1867,-94.1288,19.04,83,0,0.0,clear sky
400,Tecoanapa,MX,2022-02-05 06:23:06,16.5167,-98.75,73.08,77,1,4.7,clear sky
401,Delijan,IR,2022-02-05 06:23:07,33.9905,50.6838,40.96,42,2,25.17,clear sky
402,Namibe,AO,2022-02-05 06:23:08,-15.1961,12.1522,71.74,61,22,4.61,few clouds
403,Nguruka,TZ,2022-02-05 06:23:08,-5.1092,31.0419,65.95,92,100,1.59,overcast clouds
404,Camocim,BR,2022-02-05 06:23:09,-2.9022,-40.8411,75.67,91,41,6.8,scattered clouds
405,Tete,MZ,2022-02-05 06:23:10,-16.1564,33.5867,78.89,83,75,4.61,broken clouds
406,Nanakuli,US,2022-02-05 06:23:10,21.3906,-158.1547,73.71,80,0,0.0,clear sky
407,Awbari,LY,2022-02-05 06:23:11,26.5921,12.7805,44.87,41,0,6.31,clear sky
408,Touros,BR,2022-02-05 06:23:11,-5.1989,-35.4608,76.1,74,3,11.7,clear sky
409,Nova Odesa,UA,2022-02-05 06:23:12,47.3078,31.7851,27.0,65,93,6.46,overcast clouds
410,Taksimo,RU,2022-02-05 06:23:13,56.3444,114.8794,6.73,80,47,0.92,scattered clouds
411,Dickinson,US,2022-02-05 06:23:14,29.4608,-95.0513,34.95,80,100,4.0,overcast clouds
412,New Philadelphia,US,2022-02-05 06:23:15,40.4898,-81.4457,16.92,79,100,3.44,overcast clouds
413,Ahipara,NZ,2022-02-05 06:23:15,-35.1667,173.1667,71.31,97,95,10.09,light rain
414,Maua,BR,2022-02-05 06:23:16,-23.6678,-46.4614,71.37,93,84,5.32,light rain
415,Norman Wells,CA,2022-02-05 06:23:17,65.282,-126.8329,-11.04,93,100,4.92,overcast clouds
416,Craig,US,2022-02-05 06:22:08,40.5153,-107.5464,16.54,84,0,0.0,clear sky
417,Ancud,CL,2022-02-05 06:23:21,-41.8697,-73.8203,51.22,90,3,1.68,clear sky
418,Hualmay,PE,2022-02-05 06:24:21,-11.0964,-77.6139,69.58,85,79,7.67,broken clouds
419,Marsh Harbour,BS,2022-02-05 06:24:22,26.5412,-77.0636,72.95,62,0,7.54,clear sky
420,Lixourion,GR,2022-02-05 06:24:23,38.2019,20.4314,53.6,82,75,5.75,broken clouds
421,Bermejo,AR,2022-02-05 06:24:24,-32.8833,-68.8,67.91,60,75,6.91,broken clouds
422,Husavik,IS,2022-02-05 06:24:24,66.0449,-17.3389,12.11,92,99,8.01,overcast clouds
423,Constitucion,CL,2022-02-05 06:24:25,-35.3333,-72.4167,58.23,82,28,9.86,scattered clouds
424,Buraydah,SA,2022-02-05 06:24:26,26.326,43.975,54.05,34,0,12.75,clear sky
425,Asau,RO,2022-02-05 06:24:27,46.4333,26.4,24.28,67,76,6.67,broken clouds
426,Tabou,CI,2022-02-05 06:24:28,4.423,-7.3528,77.05,87,78,1.21,light rain
427,Praia,CV,2022-02-05 06:23:28,14.9215,-23.5087,70.34,73,0,17.27,clear sky
428,Aksehir,TR,2022-02-05 06:24:29,38.3575,31.4164,17.89,85,34,2.86,scattered clouds
429,Cabedelo,BR,2022-02-05 06:24:30,-6.9811,-34.8339,77.67,76,4,10.0,clear sky
430,Ambon,ID,2022-02-05 06:24:35,-3.6954,128.1814,89.74,58,40,6.91,scattered clouds
431,Yashkul,RU,2022-02-05 06:24:35,46.1711,45.3435,33.06,78,100,15.03,overcast clouds
432,Talnakh,RU,2022-02-05 06:24:36,69.4865,88.3972,-1.75,95,98,3.53,overcast clouds
433,Synya,RU,2022-02-05 06:24:37,65.3718,58.0387,-2.43,100,96,2.46,overcast clouds
434,Yilan,TW,2022-02-05 06:24:37,24.757,121.753,58.82,89,100,5.41,overcast clouds
435,Kunda,IN,2022-02-05 06:24:38,25.7167,81.5167,65.91,49,0,7.47,clear sky
436,Magadan,RU,2022-02-05 06:24:39,59.5667,150.8,0.7,72,21,10.22,few clouds
437,Allonnes,FR,2022-02-05 06:24:40,47.9674,0.1581,36.16,100,44,0.0,scattered clouds
438,Sinnamary,GF,2022-02-05 06:24:41,5.3833,-52.95,75.97,89,70,9.13,broken clouds
439,Yangliuqing,CN,2022-02-05 06:24:41,39.1375,116.9997,37.35,19,6,10.0,clear sky
440,Birzai,LT,2022-02-05 06:24:42,56.2,24.75,33.62,98,100,14.43,light snow
441,Jalingo,NG,2022-02-05 06:24:43,8.8833,11.3667,66.51,22,17,5.37,few clouds
442,Porto-Vecchio,FR,2022-02-05 06:24:45,41.591,9.2795,49.66,87,100,6.91,overcast clouds
443,Kingman,US,2022-02-05 06:24:46,35.1894,-114.053,45.88,19,0,7.0,clear sky
444,Pujili,EC,2022-02-05 06:24:46,-0.95,-78.6833,48.49,87,98,0.31,overcast clouds
445,Kuytun,RU,2022-02-05 06:24:47,54.3419,101.5036,13.8,81,100,5.01,overcast clouds
446,Kupang,ID,2022-02-05 06:24:49,-10.1667,123.5833,84.34,72,48,8.63,scattered clouds
447,Neuquen,AR,2022-02-05 06:22:56,-38.9516,-68.0591,60.69,77,40,4.61,scattered clouds
448,Kemin,KG,2022-02-05 06:24:50,42.7846,75.6892,36.3,45,0,11.1,clear sky
449,Arman,RU,2022-02-05 06:24:51,59.7,150.1667,1.35,71,30,12.64,scattered clouds
450,Ridgecrest,US,2022-02-05 06:21:17,35.6225,-117.6709,45.16,27,0,2.68,clear sky
451,Faya,SA,2022-02-05 06:24:52,18.3851,42.4509,60.91,63,24,7.94,few clouds
452,Vuktyl,RU,2022-02-05 06:24:53,63.8567,57.3094,-3.35,100,94,1.14,overcast clouds
453,Dir,PK,2022-02-05 06:24:54,35.2058,71.8756,45.43,27,0,1.5,clear sky
454,Lincoln,US,2022-02-05 06:22:05,40.8,-96.667,17.29,40,0,3.0,clear sky
455,Swan Hill,AU,2022-02-05 06:24:55,-35.3378,143.5544,84.18,21,71,8.79,broken clouds
456,Tricase,IT,2022-02-05 06:24:56,39.9304,18.3553,53.53,82,75,4.61,broken clouds
457,Sicamous,CA,2022-02-05 06:24:56,50.8331,-118.9856,32.29,98,100,3.85,overcast clouds
458,Collie,AU,2022-02-05 06:24:57,-33.3667,116.15,104.99,9,2,14.18,clear sky
459,Cascais,PT,2022-02-05 06:24:58,38.6979,-9.4215,52.97,75,73,1.01,broken clouds
460,Privolnyy,RU,2022-02-05 06:24:58,44.0998,46.6587,34.48,97,100,15.12,light snow
461,Saint-Pierre,RE,2022-02-05 06:24:59,-21.3393,55.4781,87.48,55,100,11.5,overcast clouds
462,Pedro Ii,BR,2022-02-05 06:25:00,-4.4247,-41.4586,66.11,98,60,1.3,light rain
463,Dicabisagan,PH,2022-02-05 06:25:00,17.0818,122.4157,75.29,81,90,11.74,overcast clouds
464,Upington,ZA,2022-02-05 06:25:02,-28.4478,21.2561,75.58,60,0,2.3,clear sky
465,Tukrah,LY,2022-02-05 06:25:03,32.5341,20.5791,51.28,82,7,10.92,clear sky
466,Kokkola,FI,2022-02-05 06:26:04,63.8385,23.1307,30.92,91,100,8.01,overcast clouds
467,Diamantino,BR,2022-02-05 06:26:05,-14.4086,-56.4461,71.49,93,29,2.84,scattered clouds
468,Sakaiminato,JP,2022-02-05 06:26:05,35.55,133.2333,33.78,80,75,25.32,broken clouds
469,Bilma,NE,2022-02-05 06:26:06,18.6853,12.9164,52.36,29,0,4.63,clear sky
470,Fairbanks,US,2022-02-05 06:26:07,64.8378,-147.7164,6.1,78,100,0.0,light snow
471,Jibuti,DJ,2022-02-05 06:26:08,11.5,42.5,80.02,31,9,1.28,clear sky
472,Kaspiysk,RU,2022-02-05 06:26:09,42.8816,47.6392,35.78,86,75,21.99,broken clouds
473,San Miguel,SV,2022-02-05 06:26:12,13.4833,-88.1833,73.96,77,45,2.3,scattered clouds
474,Adrar,MR,2022-02-05 06:26:14,20.5022,-10.0711,60.17,14,1,9.35,clear sky
475,Abapo,BO,2022-02-05 06:26:15,-18.8333,-63.4667,65.46,95,67,2.55,broken clouds
476,Sainte-Agathe-Des-Monts,CA,2022-02-05 06:26:15,46.0501,-74.2825,6.49,84,100,1.43,overcast clouds
477,Wuda,CN,2022-02-05 06:26:19,39.4994,106.7117,24.26,24,100,3.74,overcast clouds
478,Itacare,BR,2022-02-05 06:26:20,-14.2775,-38.9967,75.25,89,98,3.31,overcast clouds
479,Sheregesh,RU,2022-02-05 06:26:21,52.9209,87.9869,23.43,73,50,1.72,scattered clouds
480,Acarau,BR,2022-02-05 06:26:21,-2.8856,-40.12,77.4,86,25,9.64,scattered clouds
481,Praia Da Vitoria,PT,2022-02-05 06:26:22,38.7333,-27.0667,57.45,94,75,18.03,broken clouds
482,Ranong,TH,2022-02-05 06:26:36,9.9658,98.6348,89.53,62,68,12.26,broken clouds
483,Marawi,PH,2022-02-05 06:26:37,7.9986,124.2928,74.64,64,61,8.43,broken clouds
484,Along,IN,2022-02-05 06:26:38,28.1667,94.7667,50.34,98,100,1.66,overcast clouds
485,Chabahar,IR,2022-02-05 06:26:40,25.2919,60.643,72.66,58,2,7.49,clear sky
486,Xuzhou,CN,2022-02-05 06:26:41,34.1805,117.1571,41.22,19,35,5.66,scattered clouds
487,Suleja,NG,2022-02-05 06:26:41,9.1758,7.1808,67.19,14,0,4.92,clear sky
488,Sandwick,GB,2022-02-05 06:26:42,60.0,-1.25,39.02,75,20,19.57,few clouds
489,Warri,NG,2022-02-05 06:26:43,5.5167,5.75,76.21,91,7,2.21,clear sky
490,Sorong,ID,2022-02-05 06:26:45,-0.8833,131.25,84.74,70,100,15.73,overcast clouds
491,Demirci,TR,2022-02-05 06:26:45,39.0461,28.6589,25.68,77,11,3.65,few clouds
492,Dalnegorsk,RU,2022-02-05 06:26:46,44.5604,135.5701,9.45,66,55,11.59,broken clouds
493,Ada,US,2022-02-05 06:26:47,43.4166,-116.1262,27.05,81,0,3.44,clear sky
494,Port-Gentil,GA,2022-02-05 06:26:47,-0.7193,8.7815,76.96,100,75,1.14,broken clouds
495,Sao Joao Da Barra,BR,2022-02-05 06:26:48,-21.6403,-41.0511,74.75,90,99,13.65,overcast clouds
496,Bardiyah,LY,2022-02-05 06:26:48,31.7561,25.0865,50.02,80,13,14.65,few clouds
497,Calella,ES,2022-02-05 06:26:49,41.618,2.6678,53.73,91,100,5.95,overcast clouds
498,Morena,IN,2022-02-05 06:26:50,26.4969,78.0,64.4,41,0,3.49,clear sky
499,Letterkenny,IE,2022-02-05 06:26:51,54.95,-7.7333,44.42,81,100,21.3,moderate rain
500,Gawler,AU,2022-02-05 06:26:51,-34.6,138.7333,87.6,27,57,3.98,broken clouds
501,Soyo,AO,2022-02-05 06:26:52,-6.1349,12.3689,77.05,84,45,4.41,scattered clouds
502,Sitka,US,2022-02-05 06:26:53,57.0531,-135.33,42.69,81,100,12.66,light rain
503,Nizhniy Tsasuchey,RU,2022-02-05 06:26:54,50.5167,115.1333,12.92,70,15,13.96,few clouds
504,Banda Aceh,ID,2022-02-05 06:26:55,5.5577,95.3222,86.86,61,56,10.38,broken clouds
505,Sakakah,SA,2022-02-05 06:26:56,29.9697,40.2064,51.37,67,33,15.21,scattered clouds
506,Puerto Leguizamo,CO,2022-02-05 06:26:56,-0.1934,-74.7819,71.06,97,93,1.14,overcast clouds
507,Khvoynaya,RU,2022-02-05 06:26:58,58.9,34.5333,7.5,98,99,7.14,overcast clouds
508,Mount Darwin,ZW,2022-02-05 06:26:59,-16.7725,31.5838,68.59,89,100,1.23,overcast clouds
509,Bubaque,GW,2022-02-05 06:28:01,11.2833,-15.8333,77.76,60,0,9.8,clear sky
510,Havoysund,NO,2022-02-05 06:28:02,70.9963,24.6622,22.08,82,76,19.35,broken clouds
511,Jadu,LY,2022-02-05 06:28:02,31.953,12.0261,47.21,29,28,11.23,scattered clouds
512,Chicama,PE,2022-02-05 06:28:03,-7.8447,-79.1469,70.65,78,79,4.61,broken clouds
513,Ankazoabo,MG,2022-02-05 06:28:04,-22.2833,44.5167,87.76,41,27,5.57,scattered clouds
514,Prince Rupert,CA,2022-02-05 06:28:05,54.3161,-130.3201,44.29,87,100,12.66,mist
515,Akyab,MM,2022-02-05 06:28:05,20.15,92.9,77.2,59,15,7.9,few clouds
516,Taft,IR,2022-02-05 06:28:06,31.7471,54.2088,58.95,48,75,4.61,broken clouds
517,Nowy Dwor Mazowiecki,PL,2022-02-05 06:28:17,52.4302,20.7165,40.28,87,75,26.46,broken clouds
518,Kichmengskiy Gorodok,RU,2022-02-05 06:28:18,59.9816,45.7854,-3.55,100,100,3.89,overcast clouds
519,Hofn,IS,2022-02-05 06:28:19,64.2539,-15.2082,26.53,65,100,12.71,snow
520,Nantucket,US,2022-02-05 06:28:19,41.2835,-70.0995,33.15,93,100,19.71,snow
521,Havre-Saint-Pierre,CA,2022-02-05 06:28:20,50.2334,-63.5986,3.79,60,100,13.8,overcast clouds
522,Livezile,RO,2022-02-05 06:28:20,47.1833,24.5667,26.83,91,100,1.34,overcast clouds
523,Lebowakgomo,ZA,2022-02-05 06:28:21,-24.2,29.5,70.7,69,84,10.78,broken clouds
524,Pathein,MM,2022-02-05 06:28:22,16.7833,94.7333,90.54,40,78,6.69,broken clouds
525,Colares,PT,2022-02-05 06:28:22,38.7992,-9.4469,52.79,75,68,1.01,broken clouds
526,Mundo Novo,BR,2022-02-05 06:28:23,-11.8589,-40.4725,67.28,98,82,1.74,broken clouds
527,Avera,US,2022-02-05 06:28:24,33.194,-82.5271,45.28,76,100,14.07,overcast clouds
528,Binzhou,CN,2022-02-05 06:28:25,37.3667,118.0167,40.26,15,7,11.05,clear sky
529,Miyako,JP,2022-02-05 06:28:26,39.6367,141.9525,32.63,44,68,14.12,broken clouds
530,Kajaani,FI,2022-02-05 06:28:27,64.2273,27.7285,21.25,79,100,17.27,light snow
531,Inirida,CO,2022-02-05 06:28:27,3.8653,-67.9239,73.18,97,76,2.21,broken clouds
532,Hopkins,US,2022-02-05 06:28:28,37.3334,-87.55,21.2,84,25,6.42,scattered clouds
533,Tura,IN,2022-02-05 06:28:28,25.5198,90.2201,58.19,88,62,5.7,broken clouds
534,Mangrol,IN,2022-02-05 06:28:29,21.1167,70.1167,72.52,47,10,4.7,clear sky
535,Erenhot,CN,2022-02-05 06:28:30,43.6475,111.9767,14.45,69,6,14.97,clear sky
536,Araouane,ML,2022-02-05 06:28:33,18.9048,-3.5265,58.6,14,0,10.07,clear sky
537,Wanning,CN,2022-02-05 06:28:34,18.8003,110.3967,68.54,80,99,13.11,overcast clouds
538,Guantanamo,CU,2022-02-05 06:28:35,20.1444,-75.2092,71.67,88,0,5.55,clear sky
539,Corning,US,2022-02-05 06:28:36,42.1428,-77.0547,16.41,79,100,3.44,overcast clouds
540,Isangel,VU,2022-02-05 06:28:36,-19.55,169.2667,77.11,88,100,4.61,light intensity drizzle
541,Ponta Delgada,PT,2022-02-05 06:28:37,37.7333,-25.6667,58.5,82,20,6.91,few clouds
542,Mankono,CI,2022-02-05 06:28:38,8.0586,-6.1897,68.11,25,23,1.43,few clouds
543,Soc Trang,VN,2022-02-05 06:28:39,9.6033,105.98,89.56,42,38,21.03,scattered clouds
544,Hobyo,SO,2022-02-05 06:28:39,5.3505,48.5268,79.52,58,30,18.21,scattered clouds
545,Narsaq,GL,2022-02-05 06:28:40,60.9167,-46.05,3.42,46,0,17.87,clear sky
546,Ust-Barguzin,RU,2022-02-05 06:28:41,53.45,108.9833,12.22,88,100,1.99,overcast clouds
547,Bull Savanna,JM,2022-02-05 06:28:42,17.8868,-77.5902,70.45,82,3,5.17,clear sky
548,Muzhi,RU,2022-02-05 06:28:45,65.3667,64.6667,-3.06,92,13,3.85,few clouds
549,Forio,IT,2022-02-05 06:28:49,40.7342,13.8646,55.81,83,49,10.45,scattered clouds
550,Iralaya,HN,2022-02-05 06:28:50,15.0,-83.2333,75.56,86,7,8.03,clear sky
551,Aleksandrov Gay,RU,2022-02-05 06:28:51,50.147,48.5704,23.99,92,100,11.34,overcast clouds
552,Sontra,DE,2022-02-05 06:28:51,51.0667,9.9333,38.28,86,100,13.6,overcast clouds
553,Gnjilane,XK,2022-02-05 06:28:52,42.4604,21.4699,26.92,85,23,1.52,few clouds
554,Kununurra,AU,2022-02-05 06:26:17,-15.7667,128.7333,87.78,66,75,3.44,broken clouds
555,Griffith,US,2022-02-05 06:28:55,41.5284,-87.4237,15.06,76,0,1.99,clear sky
556,Mnogovershinnyy,RU,2022-02-05 06:28:56,53.9353,139.9242,0.19,90,87,7.36,overcast clouds
557,Fare,PF,2022-02-05 06:29:57,-16.7,-151.0167,81.03,72,51,14.74,light rain
558,High Level,CA,2022-02-05 06:25:16,58.5169,-117.136,-7.49,77,40,6.91,light snow
559,Bingol,TR,2022-02-05 06:29:58,38.8847,40.4939,28.92,93,75,4.61,mist
560,Mackay,AU,2022-02-05 06:29:59,-21.15,149.2,85.68,65,40,23.02,scattered clouds
561,Asmara,ER,2022-02-05 06:30:00,15.3333,38.9333,52.18,83,71,4.25,broken clouds
562,Polunochnoye,RU,2022-02-05 06:30:00,60.8697,60.4153,12.34,93,100,1.16,overcast clouds
563,Victoria Point,AU,2022-02-05 06:30:01,-27.5833,153.3,79.45,71,31,11.01,scattered clouds
564,Pouebo,NC,2022-02-05 06:30:03,-20.4,164.5667,81.91,72,100,6.8,overcast clouds
565,Maningrida,AU,2022-02-05 06:30:04,-12.0667,134.2667,84.51,72,99,8.95,moderate rain
566,Stockbridge,US,2022-02-05 06:28:59,33.5443,-84.2338,35.31,84,90,13.98,overcast clouds
567,Waingapu,ID,2022-02-05 06:30:06,-9.6567,120.2641,86.97,66,98,14.2,light rain
568,Prince George,CA,2022-02-05 06:30:07,53.9166,-122.753,39.25,81,75,3.0,broken clouds
569,Altona,DE,2022-02-05 06:30:08,53.55,9.9333,35.38,93,20,11.5,few clouds
570,Nuevo Progreso,MX,2022-02-05 06:30:09,23.1667,-97.95,48.6,35,100,5.99,overcast clouds
571,Alabaster,US,2022-02-05 06:30:09,33.2443,-86.8164,32.4,86,100,1.01,overcast clouds
572,Kahramanmaras,TR,2022-02-05 06:30:10,38.0,37.0,25.43,98,97,5.7,overcast clouds
573,Jojoima,SL,2022-02-05 06:30:11,7.8792,-10.7878,63.45,90,10,1.86,clear sky
574,Smila,UA,2022-02-05 06:30:18,49.2224,31.8871,19.96,87,76,6.42,broken clouds
575,Duvan,RU,2022-02-05 06:30:19,55.695,57.9024,24.39,80,100,2.59,overcast clouds
576,Glamoc,BA,2022-02-05 06:30:19,44.0458,16.8486,35.2,99,100,2.84,overcast clouds
577,Bonavista,CA,2022-02-05 06:30:20,48.6499,-53.1147,31.12,95,100,23.82,snow
578,Borogontsy,RU,2022-02-05 06:30:21,62.6683,131.1683,-26.59,98,100,1.14,overcast clouds
579,Tema,GH,2022-02-05 06:30:21,5.667,-0.0166,81.01,83,5,4.61,clear sky
580,Maralal,KE,2022-02-05 06:30:23,1.0968,36.698,70.9,39,84,7.29,broken clouds
581,Whitianga,NZ,2022-02-05 06:30:07,-36.8333,175.7,76.01,91,100,7.85,overcast clouds
582,Ararat,AM,2022-02-05 06:30:24,39.8317,44.7049,34.14,61,92,10.51,overcast clouds
583,Soe,ID,2022-02-05 06:30:24,-9.8607,124.284,76.59,76,98,2.42,light rain
584,Maumere,ID,2022-02-05 06:30:25,-8.6199,122.2111,82.53,80,90,10.94,overcast clouds
585,Beloha,MG,2022-02-05 06:30:26,-25.1667,45.05,88.09,52,100,19.71,overcast clouds
586,San Andres,CO,2022-02-05 06:30:26,12.5847,-81.7006,80.62,74,40,11.5,scattered clouds
587,Ulladulla,AU,2022-02-05 06:30:27,-35.35,150.4667,72.5,62,82,13.31,broken clouds
588,Egvekinot,RU,2022-02-05 06:30:28,66.3167,-179.1667,-9.24,84,3,14.07,clear sky
589,Te Anau,NZ,2022-02-05 06:30:29,-45.4167,167.7167,57.76,58,1,6.62,clear sky
590,Batagay-Alyta,RU,2022-02-05 06:30:29,67.8006,130.4114,-23.31,97,62,1.92,broken clouds
591,Jiaxing,CN,2022-02-05 06:30:30,30.7522,120.75,42.82,40,6,10.92,clear sky
592,Linares,CL,2022-02-05 06:30:31,-35.85,-71.6,57.88,71,7,4.07,clear sky
593,Zhengjiatun,CN,2022-02-05 06:26:05,43.5064,123.5064,13.12,62,9,10.76,clear sky
594,Srednekolymsk,RU,2022-02-05 06:30:32,67.45,153.6833,-34.71,100,71,1.52,broken clouds
595,Osmaniye,TR,2022-02-05 06:30:32,37.0742,36.2478,46.38,67,0,2.82,clear sky
596,Shingu,JP,2022-02-05 06:30:33,33.7333,135.9833,41.99,49,6,14.83,clear sky
597,Abu Dhabi,AE,2022-02-05 06:30:01,24.4667,54.3667,71.62,55,0,3.0,clear sky
598,Muravlenko,RU,2022-02-05 06:30:34,63.7898,74.523,-0.65,96,9,10.22,clear sky
599,Galesburg,US,2022-02-05 06:30:35,40.9478,-90.3712,4.71,80,0,5.75,clear sky
600,Sonoita,MX,2022-02-05 06:30:35,31.85,-112.8333,45.54,19,23,7.92,few clouds
601,Baykit,RU,2022-02-05 06:30:36,61.67,96.37,18.75,92,100,4.81,overcast clouds
602,Eyl,SO,2022-02-05 06:31:37,7.9803,49.8164,82.11,43,3,14.61,clear sky
603,Russell,US,2022-02-05 06:31:38,32.3502,-85.1999,37.0,86,100,11.5,overcast clouds
604,Ukiah,US,2022-02-05 06:31:38,39.1502,-123.2078,46.44,73,0,0.0,clear sky
605,Duluth,US,2022-02-05 06:31:30,46.7833,-92.1066,-4.52,77,40,5.75,scattered clouds
606,Belaya Gora,RU,2022-02-05 06:31:40,68.5333,146.4167,-36.58,100,71,0.56,broken clouds
607,Collierville,US,2022-02-05 06:31:41,35.042,-89.6645,21.31,93,0,0.0,clear sky
608,Botwood,CA,2022-02-05 06:31:41,49.1499,-55.3482,20.68,94,100,12.5,snow
609,Kushmurun,KZ,2022-02-05 06:31:42,52.4503,64.6311,22.51,71,100,13.53,overcast clouds
610,Djenne,ML,2022-02-05 06:31:43,13.9061,-4.5533,64.54,13,0,9.66,clear sky
611,Yar-Sale,RU,2022-02-05 06:31:44,66.8333,70.8333,-3.55,100,54,6.22,broken clouds
612,Port Blair,IN,2022-02-05 06:31:45,11.6667,92.75,86.04,70,20,11.5,few clouds
613,Agadir,MA,2022-02-05 06:31:47,30.4202,-9.5982,61.25,42,100,6.6,overcast clouds
614,Payo,ID,2022-02-05 06:31:49,-3.7508,103.6372,85.82,64,96,3.87,overcast clouds
615,Acapulco,MX,2022-02-05 06:31:50,16.8634,-99.8901,73.22,88,0,3.44,clear sky
616,Newala,TZ,2022-02-05 06:31:52,-10.9431,39.2787,69.19,87,100,7.78,overcast clouds
617,Berezayka,RU,2022-02-05 06:31:53,57.9883,33.9036,9.97,95,95,8.43,overcast clouds
618,Kharp,RU,2022-02-05 06:31:53,66.8014,65.8081,0.86,91,22,7.47,few clouds
619,Medea,DZ,2022-02-05 06:31:54,36.2642,2.7539,30.65,44,100,3.0,overcast clouds
620,Aosta,IT,2022-02-05 06:31:54,45.7667,7.4167,30.72,83,25,6.44,scattered clouds
621,Hamilton,US,2022-02-05 06:30:20,39.1834,-84.5333,20.73,87,100,1.99,overcast clouds
622,Villa Rica,US,2022-02-05 06:30:01,33.7321,-84.9191,33.4,94,6,11.79,clear sky
623,Goderich,CA,2022-02-05 06:31:56,43.7501,-81.7165,11.91,85,100,2.3,overcast clouds
624,Aitape,PG,2022-02-05 06:31:56,-3.1374,142.3475,83.21,77,100,9.66,overcast clouds
625,Hamina,FI,2022-02-05 06:31:57,60.5697,27.1979,24.08,95,100,19.64,snow
626,Guiyang,CN,2022-02-05 06:31:58,26.5833,106.7167,43.29,65,100,2.24,overcast clouds
627,Kendari,ID,2022-02-05 06:31:58,-3.945,122.4989,86.45,63,36,7.54,scattered clouds
628,Berlevag,NO,2022-02-05 06:31:59,70.8578,29.0864,21.11,82,100,27.02,overcast clouds
629,Mende,FR,2022-02-05 06:32:03,44.6667,3.5,32.31,95,93,6.64,overcast clouds
630,Sibolga,ID,2022-02-05 06:32:03,1.7427,98.7792,81.57,80,99,3.71,overcast clouds
631,Gornopravdinsk,RU,2022-02-05 06:32:04,60.05,69.9,24.24,95,100,3.76,light snow
632,Kasama,ZM,2022-02-05 06:32:05,-10.2129,31.1808,66.85,78,100,4.14,overcast clouds
633,Townsville,AU,2022-02-05 06:32:06,-19.25,146.8,86.88,66,40,16.11,scattered clouds
634,Margate,GB,2022-02-05 06:32:06,51.3813,1.3862,38.75,84,8,1.99,clear sky
635,Smoky Lake,CA,2022-02-05 06:32:07,54.1169,-112.4686,9.36,97,100,3.0,overcast clouds
636,Kuvandyk,RU,2022-02-05 06:32:07,51.4781,57.3552,23.79,89,100,15.41,snow
637,Honningsvag,NO,2022-02-05 06:32:08,70.9821,25.9704,24.3,73,19,23.49,light snow
638,Shitkino,RU,2022-02-05 06:32:09,56.3703,98.3543,24.21,94,100,10.98,light snow
639,Kaspiyskiy,RU,2022-02-05 06:32:09,45.3929,47.3707,35.01,75,100,21.39,overcast clouds
640,Greenwood,US,2022-02-05 06:31:14,34.1668,-82.1165,44.04,77,0,1.99,clear sky
641,Kolar,IN,2022-02-05 06:32:11,13.1333,78.1333,85.15,38,93,7.36,overcast clouds
642,Muana,BR,2022-02-05 06:32:11,-1.5283,-49.2167,73.58,97,100,1.9,overcast clouds
643,Mukhen,RU,2022-02-05 06:32:12,48.1,136.1,1.45,90,100,4.85,overcast clouds
644,Palu,ID,2022-02-05 06:32:13,-0.8917,119.8707,86.86,67,100,4.27,overcast clouds
645,Doha,QA,2022-02-05 06:27:34,25.2867,51.5333,73.29,43,0,6.91,clear sky
646,Mana,GF,2022-02-05 06:32:14,5.6592,-53.7767,75.87,90,99,8.03,overcast clouds
647,Niquero,CU,2022-02-05 06:32:14,20.0431,-77.5828,70.3,84,0,13.91,clear sky
648,Sabha,LY,2022-02-05 06:32:15,27.0377,14.4283,48.85,35,0,6.26,clear sky
649,Waipawa,NZ,2022-02-05 06:32:16,-41.4122,175.5153,56.03,95,100,9.73,light rain
650,Gastonia,US,2022-02-05 06:33:16,35.2621,-81.1873,47.59,73,0,3.0,clear sky
651,Amapa,BR,2022-02-05 06:33:17,1.0,-52.0,70.43,99,100,1.81,overcast clouds
652,Barcarena,BR,2022-02-05 06:33:18,-1.5058,-48.6258,75.25,96,100,5.01,overcast clouds
653,Grand Forks,US,2022-02-05 06:30:32,47.9417,-97.4337,-4.07,77,100,17.27,light snow
654,Broome,US,2022-02-05 06:33:19,42.2506,-75.833,16.7,79,100,4.0,mist
655,Ekibastuz,KZ,2022-02-05 06:33:20,51.6667,75.3667,20.59,67,1,7.83,clear sky
656,Port Dover,CA,2022-02-05 06:30:56,42.7834,-80.1997,9.75,88,100,6.96,overcast clouds
657,Oksfjord,NO,2022-02-05 06:33:21,70.2396,22.3479,23.07,91,30,15.19,scattered clouds
658,Melfi,IT,2022-02-05 06:33:22,40.9965,15.6514,45.3,84,88,5.37,overcast clouds
659,Kaiyuan,CN,2022-02-05 06:33:23,23.6977,103.3037,66.43,49,6,8.75,clear sky
660,Casper,US,2022-02-05 06:30:27,42.8666,-106.3131,30.79,43,0,36.82,clear sky
661,Mounana,GA,2022-02-05 06:33:23,-1.4085,13.1586,73.31,90,81,1.34,broken clouds
662,Itacarambi,BR,2022-02-05 06:33:24,-15.1022,-44.0919,70.43,94,82,1.63,broken clouds
663,Forssa,FI,2022-02-05 06:33:25,60.8146,23.6215,32.43,98,100,9.17,light snow
664,Ewa Beach,US,2022-02-05 06:33:25,21.3156,-158.0072,73.69,75,0,4.0,clear sky
665,Urengoy,RU,2022-02-05 06:31:21,65.9667,78.3667,8.08,95,98,10.92,overcast clouds
666,Koumac,NC,2022-02-05 06:33:26,-20.5667,164.2833,80.92,75,99,5.66,overcast clouds
667,Le Port,RE,2022-02-05 06:33:27,-20.9373,55.2919,87.8,86,100,21.65,moderate rain
668,Sabla,NG,2022-02-05 06:33:28,12.7525,4.7077,61.52,15,0,15.26,clear sky
669,Sparks,US,2022-02-05 06:33:29,39.5349,-119.7527,43.02,51,40,0.0,scattered clouds
670,Port Augusta,AU,2022-02-05 06:33:29,-32.5,137.7667,92.71,21,1,15.12,clear sky
671,Tuy Hoa,VN,2022-02-05 06:33:30,13.0833,109.3,75.22,86,88,15.14,overcast clouds
672,Denpasar,ID,2022-02-05 06:30:26,-8.65,115.2167,85.71,74,20,14.97,few clouds
673,Lichuan,CN,2022-02-05 06:33:33,30.3,108.85,39.02,59,100,9.51,overcast clouds
674,Butajira,ET,2022-02-05 06:33:34,8.1167,38.3667,69.06,19,5,9.6,clear sky
675,Xingtai,CN,2022-02-05 06:33:35,37.0631,114.4942,39.36,24,98,4.61,overcast clouds
676,Nuuk,GL,2022-02-05 06:33:36,64.1835,-51.7216,7.41,85,75,10.36,light snow
677,Byron Bay,AU,2022-02-05 06:33:36,-28.65,153.6167,75.31,65,94,21.25,light rain
678,Namatanai,PG,2022-02-05 06:31:48,-3.6667,152.4333,83.32,70,72,8.59,broken clouds
679,Montepuez,MZ,2022-02-05 06:32:15,-13.1256,38.9997,77.16,77,100,6.08,light rain
680,Sal Rei,CV,2022-02-05 06:33:38,16.1833,-22.9167,68.56,79,0,18.03,clear sky
681,Uribia,CO,2022-02-05 06:33:39,11.7139,-72.266,72.84,85,4,6.82,clear sky
682,Lumberton,US,2022-02-05 06:30:26,34.6182,-79.0086,60.66,83,100,9.66,overcast clouds
683,Port Elizabeth,ZA,2022-02-05 06:33:40,-33.918,25.5701,70.11,83,100,8.05,overcast clouds
684,Iqaluit,CA,2022-02-05 06:33:41,63.7506,-68.5145,-20.47,57,100,3.44,overcast clouds
685,Vila Velha,BR,2022-02-05 06:33:41,-20.3297,-40.2925,75.15,96,0,5.99,clear sky
686,Bodden Town,KY,2022-02-05 06:33:43,19.2833,-81.25,75.99,80,13,1.99,few clouds
